DESCRIPTION,household_key,CAMPAIGN,START_DAY,END_DAY
TypeA,27,26,224,264
TypeA,208,26,224,264
TypeA,131,26,224,264
TypeA,2482,26,224,264
TypeA,2478,26,224,264
TypeA,2459,26,224,264
TypeA,2445,26,224,264
TypeA,2334,26,224,264
TypeA,2328,26,224,264
TypeA,2318,26,224,264
TypeA,2274,26,224,264
TypeA,2262,26,224,264
TypeA,2244,26,224,264
TypeA,2203,26,224,264
TypeA,2193,26,224,264
TypeA,2058,26,224,264
TypeA,2044,26,224,264
TypeA,1584,26,224,264
TypeA,1558,26,224,264
TypeA,1536,26,224,264
TypeA,1490,26,224,264
TypeA,1405,26,224,264
TypeA,1385,26,224,264
TypeA,1378,26,224,264
TypeA,1366,26,224,264
TypeA,1130,26,224,264
TypeA,1123,26,224,264
TypeA,1098,26,224,264
TypeA,1018,26,224,264
TypeA,2161,26,224,264
TypeA,2116,26,224,264
TypeA,946,26,224,264
TypeA,926,26,224,264
TypeA,895,26,224,264
TypeA,883,26,224,264
TypeA,812,26,224,264
TypeA,760,26,224,264
TypeA,718,26,224,264
TypeA,710,26,224,264
TypeA,674,26,224,264
TypeA,654,26,224,264
TypeA,576,26,224,264
TypeA,562,26,224,264
TypeA,1975,26,224,264
TypeA,1974,26,224,264
TypeA,1937,26,224,264
TypeA,1936,26,224,264
TypeA,1928,26,224,264
TypeA,1916,26,224,264
TypeA,1899,26,224,264
TypeA,1883,26,224,264
TypeA,1861,26,224,264
TypeA,1852,26,224,264
TypeA,1828,26,224,264
TypeA,1783,26,224,264
TypeA,1729,26,224,264
TypeA,1722,26,224,264
TypeA,1710,26,224,264
TypeA,1350,26,224,264
TypeA,1264,26,224,264
TypeA,1260,26,224,264
TypeA,1245,26,224,264
TypeA,1229,26,224,264
TypeA,433,26,224,264
TypeA,420,26,224,264
TypeA,409,26,224,264
TypeA,365,26,224,264
TypeA,364,26,224,264
TypeA,332,26,224,264
TypeA,324,26,224,264
TypeA,287,26,224,264
TypeA,258,26,224,264
TypeA,32,26,224,264
TypeA,14,30,323,369
TypeA,27,30,323,369
TypeA,208,30,323,369
TypeA,131,30,323,369
TypeA,1584,30,323,369
TypeA,1582,30,323,369
TypeA,1558,30,323,369
TypeA,1492,30,323,369
TypeA,1490,30,323,369
TypeA,1378,30,323,369
TypeA,1367,30,323,369
TypeA,1366,30,323,369
TypeA,1350,30,323,369
TypeA,1345,30,323,369
TypeA,1289,30,323,369
TypeA,1246,30,323,369
TypeA,1228,30,323,369
TypeA,926,30,323,369
TypeA,922,30,323,369
TypeA,895,30,323,369
TypeA,883,30,323,369
TypeA,812,30,323,369
TypeA,806,30,323,369
TypeA,718,30,323,369
TypeA,710,30,323,369
TypeA,674,30,323,369
TypeA,654,30,323,369
TypeA,576,30,323,369
TypeA,2459,30,323,369
TypeA,2445,30,323,369
TypeA,2441,30,323,369
TypeA,2429,30,323,369
TypeA,2356,30,323,369
TypeA,2341,30,323,369
TypeA,2334,30,323,369
TypeA,2328,30,323,369
TypeA,2318,30,323,369
TypeA,2274,30,323,369
TypeA,2262,30,323,369
TypeA,2244,30,323,369
TypeA,2233,30,323,369
TypeA,2207,30,323,369
TypeA,2205,30,323,369
TypeA,2193,30,323,369
TypeA,2124,30,323,369
TypeA,2116,30,323,369
TypeA,2058,30,323,369
TypeA,1916,30,323,369
TypeA,1883,30,323,369
TypeA,1861,30,323,369
TypeA,1852,30,323,369
TypeA,1828,30,323,369
TypeA,1783,30,323,369
TypeA,1729,30,323,369
TypeA,1710,30,323,369
TypeA,1139,30,323,369
TypeA,1130,30,323,369
TypeA,1117,30,323,369
TypeA,1111,30,323,369
TypeA,1098,30,323,369
TypeA,1084,30,323,369
TypeA,1018,30,323,369
TypeA,997,30,323,369
TypeA,989,30,323,369
TypeA,2027,30,323,369
TypeA,2002,30,323,369
TypeA,1974,30,323,369
TypeA,420,30,323,369
TypeA,364,30,323,369
TypeA,317,30,323,369
TypeA,287,30,323,369
TypeA,324,30,323,369
TypeA,258,30,323,369
TypeA,52,30,323,369
TypeA,32,30,323,369
TypeA,25,30,323,369
TypeA,27,8,412,460
TypeA,25,8,412,460
TypeA,23,8,412,460
TypeA,19,8,412,460
TypeA,69,8,412,460
TypeA,52,8,412,460
TypeA,47,8,412,460
TypeA,40,8,412,460
TypeA,37,8,412,460
TypeA,32,8,412,460
TypeA,290,8,412,460
TypeA,287,8,412,460
TypeA,282,8,412,460
TypeA,258,8,412,460
TypeA,243,8,412,460
TypeA,242,8,412,460
TypeA,222,8,412,460
TypeA,217,8,412,460
TypeA,208,8,412,460
TypeA,180,8,412,460
TypeA,151,8,412,460
TypeA,143,8,412,460
TypeA,131,8,412,460
TypeA,2500,8,412,460
TypeA,2499,8,412,460
TypeA,2488,8,412,460
TypeA,2482,8,412,460
TypeA,2478,8,412,460
TypeA,2459,8,412,460
TypeA,2445,8,412,460
TypeA,2438,8,412,460
TypeA,2432,8,412,460
TypeA,2416,8,412,460
TypeA,2390,8,412,460
TypeA,2381,8,412,460
TypeA,2379,8,412,460
TypeA,2370,8,412,460
TypeA,2369,8,412,460
TypeA,2351,8,412,460
TypeA,2341,8,412,460
TypeA,2334,8,412,460
TypeA,2328,8,412,460
TypeA,2318,8,412,460
TypeA,2289,8,412,460
TypeA,2277,8,412,460
TypeA,2274,8,412,460
TypeA,2273,8,412,460
TypeA,2269,8,412,460
TypeA,2266,8,412,460
TypeA,2262,8,412,460
TypeA,2245,8,412,460
TypeA,2244,8,412,460
TypeA,2238,8,412,460
TypeA,2233,8,412,460
TypeA,2226,8,412,460
TypeA,2225,8,412,460
TypeA,2217,8,412,460
TypeA,2210,8,412,460
TypeA,2207,8,412,460
TypeA,2205,8,412,460
TypeA,2203,8,412,460
TypeA,2193,8,412,460
TypeA,2167,8,412,460
TypeA,2159,8,412,460
TypeA,2147,8,412,460
TypeA,2124,8,412,460
TypeA,2115,8,412,460
TypeA,2083,8,412,460
TypeA,2064,8,412,460
TypeA,2058,8,412,460
TypeA,2042,8,412,460
TypeA,2027,8,412,460
TypeA,2017,8,412,460
TypeA,2015,8,412,460
TypeA,2013,8,412,460
TypeA,2004,8,412,460
TypeA,1982,8,412,460
TypeA,1976,8,412,460
TypeA,1975,8,412,460
TypeA,1974,8,412,460
TypeA,1972,8,412,460
TypeA,1969,8,412,460
TypeA,1966,8,412,460
TypeA,1944,8,412,460
TypeA,1937,8,412,460
TypeA,1936,8,412,460
TypeA,1935,8,412,460
TypeA,1928,8,412,460
TypeA,1924,8,412,460
TypeA,1922,8,412,460
TypeA,1916,8,412,460
TypeA,1899,8,412,460
TypeA,1883,8,412,460
TypeA,1862,8,412,460
TypeA,1861,8,412,460
TypeA,1854,8,412,460
TypeA,1852,8,412,460
TypeA,1848,8,412,460
TypeA,1845,8,412,460
TypeA,1831,8,412,460
TypeA,1829,8,412,460
TypeA,1822,8,412,460
TypeA,1814,8,412,460
TypeA,1807,8,412,460
TypeA,1795,8,412,460
TypeA,1791,8,412,460
TypeA,1788,8,412,460
TypeA,1781,8,412,460
TypeA,1774,8,412,460
TypeA,1740,8,412,460
TypeA,1729,8,412,460
TypeA,1723,8,412,460
TypeA,1722,8,412,460
TypeA,1710,8,412,460
TypeA,1693,8,412,460
TypeA,1686,8,412,460
TypeA,1653,8,412,460
TypeA,1640,8,412,460
TypeA,1618,8,412,460
TypeA,1599,8,412,460
TypeA,1595,8,412,460
TypeA,1585,8,412,460
TypeA,1584,8,412,460
TypeA,1582,8,412,460
TypeA,1545,8,412,460
TypeA,1536,8,412,460
TypeA,1501,8,412,460
TypeA,1492,8,412,460
TypeA,1491,8,412,460
TypeA,1490,8,412,460
TypeA,1470,8,412,460
TypeA,1461,8,412,460
TypeA,1451,8,412,460
TypeA,1446,8,412,460
TypeA,1443,8,412,460
TypeA,1437,8,412,460
TypeA,1431,8,412,460
TypeA,1403,8,412,460
TypeA,1397,8,412,460
TypeA,1379,8,412,460
TypeA,1378,8,412,460
TypeA,1375,8,412,460
TypeA,1369,8,412,460
TypeA,1367,8,412,460
TypeA,1366,8,412,460
TypeA,1352,8,412,460
TypeA,1326,8,412,460
TypeA,1325,8,412,460
TypeA,1312,8,412,460
TypeA,1306,8,412,460
TypeA,1294,8,412,460
TypeA,1277,8,412,460
TypeA,1270,8,412,460
TypeA,1269,8,412,460
TypeA,1264,8,412,460
TypeA,1246,8,412,460
TypeA,1245,8,412,460
TypeA,1228,8,412,460
TypeA,1203,8,412,460
TypeA,1181,8,412,460
TypeA,1175,8,412,460
TypeA,1174,8,412,460
TypeA,1169,8,412,460
TypeA,1160,8,412,460
TypeA,1157,8,412,460
TypeA,1139,8,412,460
TypeA,1134,8,412,460
TypeA,1130,8,412,460
TypeA,1123,8,412,460
TypeA,1117,8,412,460
TypeA,1111,8,412,460
TypeA,1098,8,412,460
TypeA,1091,8,412,460
TypeA,1085,8,412,460
TypeA,1084,8,412,460
TypeA,1071,8,412,460
TypeA,1064,8,412,460
TypeA,1057,8,412,460
TypeA,1053,8,412,460
TypeA,1039,8,412,460
TypeA,1019,8,412,460
TypeA,1018,8,412,460
TypeA,1016,8,412,460
TypeA,1011,8,412,460
TypeA,997,8,412,460
TypeA,989,8,412,460
TypeA,983,8,412,460
TypeA,975,8,412,460
TypeA,957,8,412,460
TypeA,955,8,412,460
TypeA,949,8,412,460
TypeA,941,8,412,460
TypeA,926,8,412,460
TypeA,925,8,412,460
TypeA,922,8,412,460
TypeA,908,8,412,460
TypeA,895,8,412,460
TypeA,883,8,412,460
TypeA,882,8,412,460
TypeA,877,8,412,460
TypeA,868,8,412,460
TypeA,857,8,412,460
TypeA,853,8,412,460
TypeA,850,8,412,460
TypeA,836,8,412,460
TypeA,806,8,412,460
TypeA,786,8,412,460
TypeA,779,8,412,460
TypeA,763,8,412,460
TypeA,760,8,412,460
TypeA,752,8,412,460
TypeA,741,8,412,460
TypeA,727,8,412,460
TypeA,674,8,412,460
TypeA,647,8,412,460
TypeA,640,8,412,460
TypeA,623,8,412,460
TypeA,622,8,412,460
TypeA,608,8,412,460
TypeA,606,8,412,460
TypeA,605,8,412,460
TypeA,597,8,412,460
TypeA,596,8,412,460
TypeA,594,8,412,460
TypeA,581,8,412,460
TypeA,576,8,412,460
TypeA,517,8,412,460
TypeA,507,8,412,460
TypeA,489,8,412,460
TypeA,475,8,412,460
TypeA,468,8,412,460
TypeA,442,8,412,460
TypeA,710,8,412,460
TypeA,695,8,412,460
TypeA,426,8,412,460
TypeA,420,8,412,460
TypeA,409,8,412,460
TypeA,397,8,412,460
TypeA,392,8,412,460
TypeA,389,8,412,460
TypeA,387,8,412,460
TypeA,383,8,412,460
TypeA,365,8,412,460
TypeA,353,8,412,460
TypeA,338,8,412,460
TypeA,332,8,412,460
TypeA,324,8,412,460
TypeA,317,8,412,460
TypeA,302,8,412,460
TypeA,548,8,412,460
TypeA,544,8,412,460
TypeA,543,8,412,460
TypeA,538,8,412,460
TypeA,534,8,412,460
TypeA,526,8,412,460
TypeA,119,8,412,460
TypeA,110,8,412,460
TypeA,99,8,412,460
TypeA,98,8,412,460
TypeA,95,8,412,460
TypeA,81,8,412,460
TypeA,73,8,412,460
TypeA,64,8,412,460
TypeA,57,8,412,460
TypeA,4,8,412,460
TypeA,27,13,504,551
TypeA,25,13,504,551
TypeA,23,13,504,551
TypeA,19,13,504,551
TypeA,81,13,504,551
TypeA,73,13,504,551
TypeA,52,13,504,551
TypeA,49,13,504,551
TypeA,47,13,504,551
TypeA,40,13,504,551
TypeA,32,13,504,551
TypeA,353,13,504,551
TypeA,338,13,504,551
TypeA,332,13,504,551
TypeA,324,13,504,551
TypeA,317,13,504,551
TypeA,290,13,504,551
TypeA,287,13,504,551
TypeA,282,13,504,551
TypeA,266,13,504,551
TypeA,258,13,504,551
TypeA,243,13,504,551
TypeA,242,13,504,551
TypeA,222,13,504,551
TypeA,208,13,504,551
TypeA,205,13,504,551
TypeA,2500,13,504,551
TypeA,2488,13,504,551
TypeA,2482,13,504,551
TypeA,2479,13,504,551
TypeA,2478,13,504,551
TypeA,2459,13,504,551
TypeA,2445,13,504,551
TypeA,2441,13,504,551
TypeA,2438,13,504,551
TypeA,2432,13,504,551
TypeA,2416,13,504,551
TypeA,2381,13,504,551
TypeA,2378,13,504,551
TypeA,2374,13,504,551
TypeA,2370,13,504,551
TypeA,2356,13,504,551
TypeA,2351,13,504,551
TypeA,2341,13,504,551
TypeA,2334,13,504,551
TypeA,2328,13,504,551
TypeA,2318,13,504,551
TypeA,2277,13,504,551
TypeA,2269,13,504,551
TypeA,2266,13,504,551
TypeA,2262,13,504,551
TypeA,2245,13,504,551
TypeA,2244,13,504,551
TypeA,2238,13,504,551
TypeA,2233,13,504,551
TypeA,2231,13,504,551
TypeA,2226,13,504,551
TypeA,2225,13,504,551
TypeA,2217,13,504,551
TypeA,2205,13,504,551
TypeA,2204,13,504,551
TypeA,2203,13,504,551
TypeA,2193,13,504,551
TypeA,2167,13,504,551
TypeA,2147,13,504,551
TypeA,2124,13,504,551
TypeA,2115,13,504,551
TypeA,2083,13,504,551
TypeA,2064,13,504,551
TypeA,2058,13,504,551
TypeA,2055,13,504,551
TypeA,2044,13,504,551
TypeA,2027,13,504,551
TypeA,2017,13,504,551
TypeA,2015,13,504,551
TypeA,2004,13,504,551
TypeA,1997,13,504,551
TypeA,1982,13,504,551
TypeA,1976,13,504,551
TypeA,1975,13,504,551
TypeA,1974,13,504,551
TypeA,1972,13,504,551
TypeA,1969,13,504,551
TypeA,1966,13,504,551
TypeA,1953,13,504,551
TypeA,1944,13,504,551
TypeA,1940,13,504,551
TypeA,1937,13,504,551
TypeA,1936,13,504,551
TypeA,1935,13,504,551
TypeA,1928,13,504,551
TypeA,1924,13,504,551
TypeA,1922,13,504,551
TypeA,1916,13,504,551
TypeA,1900,13,504,551
TypeA,1883,13,504,551
TypeA,1881,13,504,551
TypeA,1862,13,504,551
TypeA,1861,13,504,551
TypeA,1854,13,504,551
TypeA,1852,13,504,551
TypeA,1848,13,504,551
TypeA,1845,13,504,551
TypeA,1831,13,504,551
TypeA,1829,13,504,551
TypeA,1828,13,504,551
TypeA,1822,13,504,551
TypeA,1807,13,504,551
TypeA,1802,13,504,551
TypeA,1795,13,504,551
TypeA,1794,13,504,551
TypeA,1791,13,504,551
TypeA,1788,13,504,551
TypeA,1781,13,504,551
TypeA,1774,13,504,551
TypeA,1751,13,504,551
TypeA,1740,13,504,551
TypeA,1729,13,504,551
TypeA,1723,13,504,551
TypeA,1722,13,504,551
TypeA,1716,13,504,551
TypeA,1710,13,504,551
TypeA,1695,13,504,551
TypeA,1693,13,504,551
TypeA,1653,13,504,551
TypeA,1640,13,504,551
TypeA,1618,13,504,551
TypeA,1609,13,504,551
TypeA,1599,13,504,551
TypeA,1595,13,504,551
TypeA,1585,13,504,551
TypeA,1584,13,504,551
TypeA,1558,13,504,551
TypeA,1545,13,504,551
TypeA,1536,13,504,551
TypeA,1501,13,504,551
TypeA,1492,13,504,551
TypeA,1491,13,504,551
TypeA,1490,13,504,551
TypeA,1470,13,504,551
TypeA,1461,13,504,551
TypeA,1446,13,504,551
TypeA,1431,13,504,551
TypeA,1403,13,504,551
TypeA,1397,13,504,551
TypeA,1385,13,504,551
TypeA,1379,13,504,551
TypeA,1378,13,504,551
TypeA,1375,13,504,551
TypeA,1369,13,504,551
TypeA,1367,13,504,551
TypeA,1366,13,504,551
TypeA,1352,13,504,551
TypeA,1350,13,504,551
TypeA,1326,13,504,551
TypeA,1312,13,504,551
TypeA,1306,13,504,551
TypeA,1294,13,504,551
TypeA,1284,13,504,551
TypeA,1282,13,504,551
TypeA,1277,13,504,551
TypeA,1269,13,504,551
TypeA,1264,13,504,551
TypeA,1260,13,504,551
TypeA,1245,13,504,551
TypeA,1229,13,504,551
TypeA,1228,13,504,551
TypeA,1203,13,504,551
TypeA,1181,13,504,551
TypeA,1175,13,504,551
TypeA,1174,13,504,551
TypeA,1160,13,504,551
TypeA,1157,13,504,551
TypeA,1139,13,504,551
TypeA,1134,13,504,551
TypeA,1130,13,504,551
TypeA,1123,13,504,551
TypeA,1119,13,504,551
TypeA,1117,13,504,551
TypeA,1111,13,504,551
TypeA,1098,13,504,551
TypeA,1091,13,504,551
TypeA,1085,13,504,551
TypeA,1084,13,504,551
TypeA,1073,13,504,551
TypeA,1071,13,504,551
TypeA,1062,13,504,551
TypeA,1057,13,504,551
TypeA,1053,13,504,551
TypeA,1039,13,504,551
TypeA,1038,13,504,551
TypeA,1018,13,504,551
TypeA,1011,13,504,551
TypeA,989,13,504,551
TypeA,983,13,504,551
TypeA,975,13,504,551
TypeA,964,13,504,551
TypeA,957,13,504,551
TypeA,955,13,504,551
TypeA,949,13,504,551
TypeA,941,13,504,551
TypeA,939,13,504,551
TypeA,926,13,504,551
TypeA,922,13,504,551
TypeA,908,13,504,551
TypeA,895,13,504,551
TypeA,883,13,504,551
TypeA,882,13,504,551
TypeA,868,13,504,551
TypeA,857,13,504,551
TypeA,853,13,504,551
TypeA,850,13,504,551
TypeA,806,13,504,551
TypeA,786,13,504,551
TypeA,768,13,504,551
TypeA,763,13,504,551
TypeA,761,13,504,551
TypeA,752,13,504,551
TypeA,733,13,504,551
TypeA,727,13,504,551
TypeA,674,13,504,551
TypeA,656,13,504,551
TypeA,647,13,504,551
TypeA,640,13,504,551
TypeA,623,13,504,551
TypeA,622,13,504,551
TypeA,621,13,504,551
TypeA,608,13,504,551
TypeA,606,13,504,551
TypeA,605,13,504,551
TypeA,600,13,504,551
TypeA,597,13,504,551
TypeA,596,13,504,551
TypeA,594,13,504,551
TypeA,581,13,504,551
TypeA,576,13,504,551
TypeA,523,13,504,551
TypeA,517,13,504,551
TypeA,515,13,504,551
TypeA,718,13,504,551
TypeA,716,13,504,551
TypeA,710,13,504,551
TypeA,697,13,504,551
TypeA,695,13,504,551
TypeA,489,13,504,551
TypeA,468,13,504,551
TypeA,433,13,504,551
TypeA,426,13,504,551
TypeA,420,13,504,551
TypeA,409,13,504,551
TypeA,397,13,504,551
TypeA,396,13,504,551
TypeA,392,13,504,551
TypeA,389,13,504,551
TypeA,387,13,504,551
TypeA,383,13,504,551
TypeA,365,13,504,551
TypeA,364,13,504,551
TypeA,548,13,504,551
TypeA,543,13,504,551
TypeA,526,13,504,551
TypeA,180,13,504,551
TypeA,143,13,504,551
TypeA,131,13,504,551
TypeA,110,13,504,551
TypeA,99,13,504,551
TypeA,69,13,504,551
TypeA,64,13,504,551
TypeA,57,13,504,551
TypeA,95,13,504,551
TypeA,14,13,504,551
TypeA,14,18,587,642
TypeA,79,18,587,642
TypeA,73,18,587,642
TypeA,49,18,587,642
TypeA,47,18,587,642
TypeA,365,18,587,642
TypeA,364,18,587,642
TypeA,353,18,587,642
TypeA,332,18,587,642
TypeA,317,18,587,642
TypeA,308,18,587,642
TypeA,290,18,587,642
TypeA,287,18,587,642
TypeA,283,18,587,642
TypeA,282,18,587,642
TypeA,258,18,587,642
TypeA,251,18,587,642
TypeA,243,18,587,642
TypeA,242,18,587,642
TypeA,222,18,587,642
TypeA,2351,18,587,642
TypeA,2341,18,587,642
TypeA,2334,18,587,642
TypeA,2328,18,587,642
TypeA,2318,18,587,642
TypeA,2310,18,587,642
TypeA,2289,18,587,642
TypeA,2281,18,587,642
TypeA,2277,18,587,642
TypeA,2274,18,587,642
TypeA,2269,18,587,642
TypeA,2266,18,587,642
TypeA,2262,18,587,642
TypeA,2245,18,587,642
TypeA,2244,18,587,642
TypeA,2241,18,587,642
TypeA,2238,18,587,642
TypeA,2233,18,587,642
TypeA,2231,18,587,642
TypeA,2226,18,587,642
TypeA,2225,18,587,642
TypeA,2217,18,587,642
TypeA,2207,18,587,642
TypeA,2205,18,587,642
TypeA,2204,18,587,642
TypeA,2203,18,587,642
TypeA,2193,18,587,642
TypeA,2167,18,587,642
TypeA,2158,18,587,642
TypeA,2147,18,587,642
TypeA,2124,18,587,642
TypeA,2115,18,587,642
TypeA,2083,18,587,642
TypeA,2065,18,587,642
TypeA,2064,18,587,642
TypeA,2058,18,587,642
TypeA,2055,18,587,642
TypeA,2027,18,587,642
TypeA,2017,18,587,642
TypeA,2004,18,587,642
TypeA,1997,18,587,642
TypeA,1976,18,587,642
TypeA,1975,18,587,642
TypeA,1974,18,587,642
TypeA,1972,18,587,642
TypeA,1969,18,587,642
TypeA,1966,18,587,642
TypeA,1953,18,587,642
TypeA,1946,18,587,642
TypeA,1944,18,587,642
TypeA,1937,18,587,642
TypeA,1936,18,587,642
TypeA,1935,18,587,642
TypeA,1928,18,587,642
TypeA,1924,18,587,642
TypeA,1922,18,587,642
TypeA,1916,18,587,642
TypeA,1900,18,587,642
TypeA,1899,18,587,642
TypeA,1890,18,587,642
TypeA,1883,18,587,642
TypeA,1881,18,587,642
TypeA,1862,18,587,642
TypeA,1854,18,587,642
TypeA,1848,18,587,642
TypeA,1845,18,587,642
TypeA,1831,18,587,642
TypeA,1829,18,587,642
TypeA,1814,18,587,642
TypeA,1807,18,587,642
TypeA,1795,18,587,642
TypeA,1794,18,587,642
TypeA,1791,18,587,642
TypeA,1788,18,587,642
TypeA,1783,18,587,642
TypeA,1781,18,587,642
TypeA,1774,18,587,642
TypeA,1751,18,587,642
TypeA,1740,18,587,642
TypeA,1723,18,587,642
TypeA,1722,18,587,642
TypeA,1716,18,587,642
TypeA,1710,18,587,642
TypeA,1693,18,587,642
TypeA,1663,18,587,642
TypeA,1653,18,587,642
TypeA,1640,18,587,642
TypeA,1618,18,587,642
TypeA,1609,18,587,642
TypeA,1599,18,587,642
TypeA,1595,18,587,642
TypeA,1585,18,587,642
TypeA,1584,18,587,642
TypeA,1558,18,587,642
TypeA,1545,18,587,642
TypeA,1536,18,587,642
TypeA,1501,18,587,642
TypeA,1491,18,587,642
TypeA,1490,18,587,642
TypeA,1470,18,587,642
TypeA,1461,18,587,642
TypeA,1451,18,587,642
TypeA,1446,18,587,642
TypeA,1443,18,587,642
TypeA,1437,18,587,642
TypeA,1431,18,587,642
TypeA,1403,18,587,642
TypeA,1397,18,587,642
TypeA,1385,18,587,642
TypeA,1379,18,587,642
TypeA,1378,18,587,642
TypeA,1375,18,587,642
TypeA,1366,18,587,642
TypeA,1354,18,587,642
TypeA,1352,18,587,642
TypeA,1345,18,587,642
TypeA,1333,18,587,642
TypeA,1325,18,587,642
TypeA,1312,18,587,642
TypeA,1306,18,587,642
TypeA,1289,18,587,642
TypeA,1282,18,587,642
TypeA,1277,18,587,642
TypeA,1270,18,587,642
TypeA,1264,18,587,642
TypeA,1260,18,587,642
TypeA,1245,18,587,642
TypeA,1229,18,587,642
TypeA,1228,18,587,642
TypeA,1203,18,587,642
TypeA,1175,18,587,642
TypeA,1169,18,587,642
TypeA,1160,18,587,642
TypeA,1157,18,587,642
TypeA,1139,18,587,642
TypeA,1130,18,587,642
TypeA,1127,18,587,642
TypeA,1125,18,587,642
TypeA,1123,18,587,642
TypeA,1119,18,587,642
TypeA,1117,18,587,642
TypeA,1111,18,587,642
TypeA,1098,18,587,642
TypeA,1091,18,587,642
TypeA,1085,18,587,642
TypeA,1084,18,587,642
TypeA,2500,18,587,642
TypeA,2499,18,587,642
TypeA,2488,18,587,642
TypeA,2479,18,587,642
TypeA,2478,18,587,642
TypeA,2459,18,587,642
TypeA,2445,18,587,642
TypeA,2441,18,587,642
TypeA,2438,18,587,642
TypeA,2432,18,587,642
TypeA,2416,18,587,642
TypeA,2381,18,587,642
TypeA,2378,18,587,642
TypeA,2374,18,587,642
TypeA,2370,18,587,642
TypeA,2369,18,587,642
TypeA,1073,18,587,642
TypeA,1064,18,587,642
TypeA,1062,18,587,642
TypeA,1053,18,587,642
TypeA,1046,18,587,642
TypeA,1039,18,587,642
TypeA,1038,18,587,642
TypeA,1018,18,587,642
TypeA,997,18,587,642
TypeA,989,18,587,642
TypeA,983,18,587,642
TypeA,975,18,587,642
TypeA,957,18,587,642
TypeA,949,18,587,642
TypeA,946,18,587,642
TypeA,941,18,587,642
TypeA,939,18,587,642
TypeA,926,18,587,642
TypeA,908,18,587,642
TypeA,895,18,587,642
TypeA,893,18,587,642
TypeA,883,18,587,642
TypeA,882,18,587,642
TypeA,877,18,587,642
TypeA,868,18,587,642
TypeA,857,18,587,642
TypeA,853,18,587,642
TypeA,850,18,587,642
TypeA,812,18,587,642
TypeA,806,18,587,642
TypeA,790,18,587,642
TypeA,786,18,587,642
TypeA,768,18,587,642
TypeA,760,18,587,642
TypeA,752,18,587,642
TypeA,733,18,587,642
TypeA,726,18,587,642
TypeA,718,18,587,642
TypeA,710,18,587,642
TypeA,697,18,587,642
TypeA,695,18,587,642
TypeA,662,18,587,642
TypeA,656,18,587,642
TypeA,647,18,587,642
TypeA,640,18,587,642
TypeA,623,18,587,642
TypeA,622,18,587,642
TypeA,621,18,587,642
TypeA,608,18,587,642
TypeA,605,18,587,642
TypeA,600,18,587,642
TypeA,596,18,587,642
TypeA,594,18,587,642
TypeA,576,18,587,642
TypeA,562,18,587,642
TypeA,548,18,587,642
TypeA,544,18,587,642
TypeA,543,18,587,642
TypeA,538,18,587,642
TypeA,534,18,587,642
TypeA,526,18,587,642
TypeA,523,18,587,642
TypeA,520,18,587,642
TypeA,517,18,587,642
TypeA,515,18,587,642
TypeA,468,18,587,642
TypeA,438,18,587,642
TypeA,426,18,587,642
TypeA,420,18,587,642
TypeA,398,18,587,642
TypeA,397,18,587,642
TypeA,392,18,587,642
TypeA,389,18,587,642
TypeA,387,18,587,642
TypeA,208,18,587,642
TypeA,205,18,587,642
TypeA,143,18,587,642
TypeA,131,18,587,642
TypeA,110,18,587,642
TypeA,99,18,587,642
TypeA,119,18,587,642
TypeA,40,18,587,642
TypeA,37,18,587,642
TypeA,32,18,587,642
TypeA,27,18,587,642
TypeA,25,18,587,642
TypeA,23,18,587,642
TypeA,95,18,587,642
TypeA,69,18,587,642
TypeA,64,18,587,642
TypeA,57,18,587,642
TypeA,19,18,587,642
TypeA,2,18,587,642
TypeB,2116,28,259,320
TypeB,1828,28,259,320
TypeB,365,28,259,320
TypeB,926,28,259,320
TypeB,526,29,281,334
TypeB,145,29,281,334
TypeB,83,29,281,334
TypeB,32,29,281,334
TypeB,27,29,281,334
TypeB,622,29,281,334
TypeB,1057,29,281,334
TypeB,1046,29,281,334
TypeB,997,29,281,334
TypeB,926,29,281,334
TypeB,922,29,281,334
TypeB,1378,29,281,334
TypeB,1375,29,281,334
TypeB,2488,29,281,334
TypeB,2351,29,281,334
TypeB,2266,29,281,334
TypeB,2262,29,281,334
TypeB,2217,29,281,334
TypeB,2058,29,281,334
TypeB,1944,29,281,334
TypeB,1940,29,281,334
TypeB,1862,29,281,334
TypeB,1831,29,281,334
TypeB,1828,29,281,334
TypeB,1795,29,281,334
TypeB,1783,29,281,334
TypeB,1773,29,281,334
TypeB,1693,29,281,334
TypeB,1582,29,281,334
TypeB,1530,29,281,334
TypeB,1470,29,281,334
TypeB,895,29,281,334
TypeB,877,29,281,334
TypeB,324,29,281,334
TypeB,208,29,281,334
TypeB,2459,2,351,383
TypeB,1558,2,351,383
TypeB,989,2,351,383
TypeB,647,2,351,383
TypeB,1916,2,351,383
TypeB,1729,2,351,383
TypeB,1117,2,351,383
TypeB,364,2,351,383
TypeB,287,2,351,383
TypeB,52,4,372,404
TypeB,2233,4,372,404
TypeB,2217,4,372,404
TypeB,1966,4,372,404
TypeB,1944,4,372,404
TypeB,1852,4,372,404
TypeB,1729,4,372,404
TypeB,1491,4,372,404
TypeB,1451,4,372,404
TypeB,647,4,372,404
TypeB,409,4,372,404
TypeB,396,4,372,404
TypeB,287,4,372,404
TypeB,57,4,372,404
TypeB,290,5,377,411
TypeB,251,5,377,411
TypeB,895,5,377,411
TypeB,2318,5,377,411
TypeB,2274,5,377,411
TypeB,2245,5,377,411
TypeB,2233,5,377,411
TypeB,2226,5,377,411
TypeB,2167,5,377,411
TypeB,1975,5,377,411
TypeB,1944,5,377,411
TypeB,1899,5,377,411
TypeB,1845,5,377,411
TypeB,1831,5,377,411
TypeB,1802,5,377,411
TypeB,1710,5,377,411
TypeB,1640,5,377,411
TypeB,1470,5,377,411
TypeB,2459,5,377,411
TypeB,2445,5,377,411
TypeB,1270,5,377,411
TypeB,1264,5,377,411
TypeB,1229,5,377,411
TypeB,1203,5,377,411
TypeB,1379,5,377,411
TypeB,1306,5,377,411
TypeB,1139,5,377,411
TypeB,1134,5,377,411
TypeB,1111,5,377,411
TypeB,1084,5,377,411
TypeB,1071,5,377,411
TypeB,718,5,377,411
TypeB,608,5,377,411
TypeB,605,5,377,411
TypeB,468,5,377,411
TypeB,365,5,377,411
TypeB,81,5,377,411
TypeB,40,5,377,411
TypeB,243,7,398,432
TypeB,2277,7,398,432
TypeB,2167,7,398,432
TypeB,2124,7,398,432
TypeB,1862,7,398,432
TypeB,1861,7,398,432
TypeB,1852,7,398,432
TypeB,1845,7,398,432
TypeB,1807,7,398,432
TypeB,1788,7,398,432
TypeB,1716,7,398,432
TypeB,1582,7,398,432
TypeB,1461,7,398,432
TypeB,1379,7,398,432
TypeB,1378,7,398,432
TypeB,1352,7,398,432
TypeB,1264,7,398,432
TypeB,1246,7,398,432
TypeB,1181,7,398,432
TypeB,1134,7,398,432
TypeB,1111,7,398,432
TypeB,1084,7,398,432
TypeB,1073,7,398,432
TypeB,1057,7,398,432
TypeB,1053,7,398,432
TypeB,1046,7,398,432
TypeB,1016,7,398,432
TypeB,997,7,398,432
TypeB,2488,7,398,432
TypeB,2479,7,398,432
TypeB,2432,7,398,432
TypeB,2390,7,398,432
TypeB,2341,7,398,432
TypeB,2318,7,398,432
TypeB,2083,7,398,432
TypeB,1975,7,398,432
TypeB,1935,7,398,432
TypeB,1924,7,398,432
TypeB,941,7,398,432
TypeB,883,7,398,432
TypeB,836,7,398,432
TypeB,768,7,398,432
TypeB,761,7,398,432
TypeB,695,7,398,432
TypeB,622,7,398,432
TypeB,600,7,398,432
TypeB,576,7,398,432
TypeB,534,7,398,432
TypeB,526,7,398,432
TypeB,517,7,398,432
TypeB,409,7,398,432
TypeB,365,7,398,432
TypeB,489,7,398,432
TypeB,468,7,398,432
TypeB,290,7,398,432
TypeB,283,7,398,432
TypeB,282,7,398,432
TypeB,69,7,398,432
TypeB,49,7,398,432
TypeB,40,7,398,432
TypeB,2500,9,435,467
TypeB,2488,9,435,467
TypeB,2379,9,435,467
TypeB,2374,9,435,467
TypeB,2225,9,435,467
TypeB,2217,9,435,467
TypeB,2013,9,435,467
TypeB,1975,9,435,467
TypeB,1944,9,435,467
TypeB,1928,9,435,467
TypeB,1831,9,435,467
TypeB,1773,9,435,467
TypeB,1722,9,435,467
TypeB,1663,9,435,467
TypeB,1618,9,435,467
TypeB,1397,9,435,467
TypeB,1378,9,435,467
TypeB,1175,9,435,467
TypeB,1073,9,435,467
TypeB,1064,9,435,467
TypeB,1057,9,435,467
TypeB,1053,9,435,467
TypeB,1011,9,435,467
TypeB,997,9,435,467
TypeB,941,9,435,467
TypeB,926,9,435,467
TypeB,895,9,435,467
TypeB,883,9,435,467
TypeB,877,9,435,467
TypeB,949,9,435,467
TypeB,741,9,435,467
TypeB,726,9,435,467
TypeB,656,9,435,467
TypeB,576,9,435,467
TypeB,442,9,435,467
TypeB,409,9,435,467
TypeB,389,9,435,467
TypeB,243,9,435,467
TypeB,697,9,435,467
TypeB,489,9,435,467
TypeB,282,9,435,467
TypeB,266,9,435,467
TypeB,49,9,435,467
TypeB,2500,10,463,495
TypeB,2479,10,463,495
TypeB,2341,10,463,495
TypeB,2245,10,463,495
TypeB,2226,10,463,495
TypeB,2167,10,463,495
TypeB,2124,10,463,495
TypeB,2042,10,463,495
TypeB,1944,10,463,495
TypeB,1899,10,463,495
TypeB,1845,10,463,495
TypeB,1751,10,463,495
TypeB,1710,10,463,495
TypeB,1640,10,463,495
TypeB,1451,10,463,495
TypeB,1405,10,463,495
TypeB,1379,10,463,495
TypeB,1326,10,463,495
TypeB,1277,10,463,495
TypeB,1229,10,463,495
TypeB,1134,10,463,495
TypeB,1111,10,463,495
TypeB,989,10,463,495
TypeB,955,10,463,495
TypeB,806,10,463,495
TypeB,761,10,463,495
TypeB,718,10,463,495
TypeB,608,10,463,495
TypeB,605,10,463,495
TypeB,468,10,463,495
TypeB,290,10,463,495
TypeB,2115,11,477,523
TypeB,1976,11,477,523
TypeB,1975,11,477,523
TypeB,1944,11,477,523
TypeB,1924,11,477,523
TypeB,1883,11,477,523
TypeB,1852,11,477,523
TypeB,1845,11,477,523
TypeB,1795,11,477,523
TypeB,1609,11,477,523
TypeB,1536,11,477,523
TypeB,1470,11,477,523
TypeB,1451,11,477,523
TypeB,1437,11,477,523
TypeB,1379,11,477,523
TypeB,1326,11,477,523
TypeB,1306,11,477,523
TypeB,1289,11,477,523
TypeB,1282,11,477,523
TypeB,2479,11,477,523
TypeB,2432,11,477,523
TypeB,2378,11,477,523
TypeB,2341,11,477,523
TypeB,2328,11,477,523
TypeB,2318,11,477,523
TypeB,2210,11,477,523
TypeB,2207,11,477,523
TypeB,2167,11,477,523
TypeB,1169,11,477,523
TypeB,1085,11,477,523
TypeB,1245,11,477,523
TypeB,1203,11,477,523
TypeB,989,11,477,523
TypeB,1098,11,477,523
TypeB,1091,11,477,523
TypeB,695,11,477,523
TypeB,955,11,477,523
TypeB,674,11,477,523
TypeB,656,11,477,523
TypeB,761,11,477,523
TypeB,726,11,477,523
TypeB,718,11,477,523
TypeB,581,11,477,523
TypeB,544,11,477,523
TypeB,515,11,477,523
TypeB,468,11,477,523
TypeB,396,11,477,523
TypeB,392,11,477,523
TypeB,608,11,477,523
TypeB,596,11,477,523
TypeB,332,11,477,523
TypeB,290,11,477,523
TypeB,287,11,477,523
TypeB,73,11,477,523
TypeB,19,11,477,523
TypeB,69,11,477,523
TypeB,40,11,477,523
TypeB,2459,12,477,509
TypeB,2374,12,477,509
TypeB,2351,12,477,509
TypeB,2334,12,477,509
TypeB,2262,12,477,509
TypeB,2244,12,477,509
TypeB,2233,12,477,509
TypeB,2203,12,477,509
TypeB,2193,12,477,509
TypeB,2147,12,477,509
TypeB,2124,12,477,509
TypeB,2116,12,477,509
TypeB,2055,12,477,509
TypeB,2042,12,477,509
TypeB,2015,12,477,509
TypeB,2004,12,477,509
TypeB,1966,12,477,509
TypeB,1899,12,477,509
TypeB,1807,12,477,509
TypeB,1751,12,477,509
TypeB,1653,12,477,509
TypeB,1397,12,477,509
TypeB,1385,12,477,509
TypeB,1367,12,477,509
TypeB,1312,12,477,509
TypeB,1229,12,477,509
TypeB,1111,12,477,509
TypeB,1039,12,477,509
TypeB,997,12,477,509
TypeB,895,12,477,509
TypeB,868,12,477,509
TypeB,857,12,477,509
TypeB,806,12,477,509
TypeB,786,12,477,509
TypeB,768,12,477,509
TypeB,647,12,477,509
TypeB,389,12,477,509
TypeB,143,12,477,509
TypeB,131,12,477,509
TypeB,317,12,477,509
TypeB,52,12,477,509
TypeB,2488,16,561,593
TypeB,2479,16,561,593
TypeB,2459,16,561,593
TypeB,2432,16,561,593
TypeB,2378,16,561,593
TypeB,2370,16,561,593
TypeB,2351,16,561,593
TypeB,2279,16,561,593
TypeB,2244,16,561,593
TypeB,2233,16,561,593
TypeB,2217,16,561,593
TypeB,2207,16,561,593
TypeB,2193,16,561,593
TypeB,2058,16,561,593
TypeB,2017,16,561,593
TypeB,1997,16,561,593
TypeB,1962,16,561,593
TypeB,1899,16,561,593
TypeB,1852,16,561,593
TypeB,1807,16,561,593
TypeB,1693,16,561,593
TypeB,1618,16,561,593
TypeB,1585,16,561,593
TypeB,1536,16,561,593
TypeB,1491,16,561,593
TypeB,1379,16,561,593
TypeB,1378,16,561,593
TypeB,1228,16,561,593
TypeB,1117,16,561,593
TypeB,1111,16,561,593
TypeB,1091,16,561,593
TypeB,1085,16,561,593
TypeB,1064,16,561,593
TypeB,2115,16,561,593
TypeB,1016,16,561,593
TypeB,983,16,561,593
TypeB,383,16,561,593
TypeB,718,16,561,593
TypeB,710,16,561,593
TypeB,647,16,561,593
TypeB,606,16,561,593
TypeB,576,16,561,593
TypeB,548,16,561,593
TypeB,489,16,561,593
TypeB,283,16,561,593
TypeB,205,16,561,593
TypeB,40,16,561,593
TypeB,19,17,575,607
TypeB,2445,17,575,607
TypeB,2432,17,575,607
TypeB,2378,17,575,607
TypeB,2334,17,575,607
TypeB,2281,17,575,607
TypeB,2277,17,575,607
TypeB,2274,17,575,607
TypeB,2244,17,575,607
TypeB,2226,17,575,607
TypeB,2015,17,575,607
TypeB,2004,17,575,607
TypeB,1976,17,575,607
TypeB,1975,17,575,607
TypeB,1966,17,575,607
TypeB,1936,17,575,607
TypeB,1899,17,575,607
TypeB,1333,17,575,607
TypeB,1282,17,575,607
TypeB,1277,17,575,607
TypeB,1169,17,575,607
TypeB,1139,17,575,607
TypeB,1127,17,575,607
TypeB,2500,17,575,607
TypeB,2459,17,575,607
TypeB,957,17,575,607
TypeB,949,17,575,607
TypeB,946,17,575,607
TypeB,893,17,575,607
TypeB,806,17,575,607
TypeB,790,17,575,607
TypeB,718,17,575,607
TypeB,695,17,575,607
TypeB,674,17,575,607
TypeB,656,17,575,607
TypeB,608,17,575,607
TypeB,517,17,575,607
TypeB,409,17,575,607
TypeB,389,17,575,607
TypeB,283,17,575,607
TypeB,208,17,575,607
TypeB,2115,17,575,607
TypeB,1795,17,575,607
TypeB,1722,17,575,607
TypeB,1653,17,575,607
TypeB,1585,17,575,607
TypeB,1437,17,575,607
TypeB,1397,17,575,607
TypeB,1378,17,575,607
TypeB,1352,17,575,607
TypeB,69,17,575,607
TypeB,27,17,575,607
TypeB,40,19,603,635
TypeB,806,19,603,635
TypeB,718,19,603,635
TypeB,605,19,603,635
TypeB,476,19,603,635
TypeB,283,19,603,635
TypeB,242,19,603,635
TypeB,2500,19,603,635
TypeB,2479,19,603,635
TypeB,2459,19,603,635
TypeB,2289,19,603,635
TypeB,2244,19,603,635
TypeB,2231,19,603,635
TypeB,2226,19,603,635
TypeB,2124,19,603,635
TypeB,2065,19,603,635
TypeB,1944,19,603,635
TypeB,1899,19,603,635
TypeB,1845,19,603,635
TypeB,1774,19,603,635
TypeB,1751,19,603,635
TypeB,1710,19,603,635
TypeB,1599,19,603,635
TypeB,1585,19,603,635
TypeB,1333,19,603,635
TypeB,1270,19,603,635
TypeB,1229,19,603,635
TypeB,1203,19,603,635
TypeB,1379,19,603,635
TypeB,131,19,603,635
TypeB,110,19,603,635
TypeB,955,19,603,635
TypeB,205,19,603,635
TypeB,64,19,603,635
TypeB,243,21,624,656
TypeB,324,21,624,656
TypeB,392,21,624,656
TypeB,1773,21,624,656
TypeB,1710,21,624,656
TypeB,1582,21,624,656
TypeB,1366,21,624,656
TypeB,1333,21,624,656
TypeB,1175,21,624,656
TypeB,1057,21,624,656
TypeB,1011,21,624,656
TypeB,2351,21,624,656
TypeB,2266,21,624,656
TypeB,2226,21,624,656
TypeB,2193,21,624,656
TypeB,1975,21,624,656
TypeB,1935,21,624,656
TypeB,1922,21,624,656
TypeB,1854,21,624,656
TypeB,1848,21,624,656
TypeB,1802,21,624,656
TypeB,1788,21,624,656
TypeB,1783,21,624,656
TypeB,697,21,624,656
TypeB,600,21,624,656
TypeB,517,21,624,656
TypeB,383,21,624,656
TypeB,317,21,624,656
TypeB,40,21,624,656
TypeB,19,22,624,656
TypeB,2083,22,624,656
TypeB,2004,22,624,656
TypeB,1997,22,624,656
TypeB,1966,22,624,656
TypeB,1936,22,624,656
TypeB,1653,22,624,656
TypeB,1632,22,624,656
TypeB,1585,22,624,656
TypeB,1536,22,624,656
TypeB,1490,22,624,656
TypeB,1282,22,624,656
TypeB,1228,22,624,656
TypeB,1139,22,624,656
TypeB,1134,22,624,656
TypeB,1111,22,624,656
TypeB,1098,22,624,656
TypeB,908,22,624,656
TypeB,895,22,624,656
TypeB,2488,22,624,656
TypeB,2478,22,624,656
TypeB,2459,22,624,656
TypeB,2432,22,624,656
TypeB,2374,22,624,656
TypeB,2370,22,624,656
TypeB,2369,22,624,656
TypeB,2341,22,624,656
TypeB,2318,22,624,656
TypeB,2269,22,624,656
TypeB,2233,22,624,656
TypeB,853,22,624,656
TypeB,779,22,624,656
TypeB,761,22,624,656
TypeB,718,22,624,656
TypeB,710,22,624,656
TypeB,674,22,624,656
TypeB,548,22,624,656
TypeB,526,22,624,656
TypeB,485,22,624,656
TypeB,409,22,624,656
TypeB,389,22,624,656
TypeB,1822,22,624,656
TypeB,1807,22,624,656
TypeB,1795,22,624,656
TypeB,1451,22,624,656
TypeB,1437,22,624,656
TypeB,1397,22,624,656
TypeB,1385,22,624,656
TypeB,1379,22,624,656
TypeB,1375,22,624,656
TypeB,1367,22,624,656
TypeB,955,22,624,656
TypeB,949,22,624,656
TypeB,143,22,624,656
TypeB,217,22,624,656
TypeB,208,22,624,656
TypeB,52,22,624,656
TypeB,324,23,646,684
TypeB,283,23,646,684
TypeB,243,23,646,684
TypeB,718,23,646,684
TypeB,2479,23,646,684
TypeB,2459,23,646,684
TypeB,2378,23,646,684
TypeB,2374,23,646,684
TypeB,2351,23,646,684
TypeB,2334,23,646,684
TypeB,2266,23,646,684
TypeB,2233,23,646,684
TypeB,2225,23,646,684
TypeB,2207,23,646,684
TypeB,2193,23,646,684
TypeB,2116,23,646,684
TypeB,2083,23,646,684
TypeB,2004,23,646,684
TypeB,1975,23,646,684
TypeB,1962,23,646,684
TypeB,1944,23,646,684
TypeB,1937,23,646,684
TypeB,1899,23,646,684
TypeB,1854,23,646,684
TypeB,1831,23,646,684
TypeB,1783,23,646,684
TypeB,1710,23,646,684
TypeB,1693,23,646,684
TypeB,1653,23,646,684
TypeB,1536,23,646,684
TypeB,1501,23,646,684
TypeB,1375,23,646,684
TypeB,1367,23,646,684
TypeB,1257,23,646,684
TypeB,1057,23,646,684
TypeB,1352,23,646,684
TypeB,1333,23,646,684
TypeB,1326,23,646,684
TypeB,1016,23,646,684
TypeB,989,23,646,684
TypeB,868,23,646,684
TypeB,857,23,646,684
TypeB,853,23,646,684
TypeB,392,23,646,684
TypeB,389,23,646,684
TypeB,99,23,646,684
TypeB,31,23,646,684
TypeB,19,25,659,691
TypeB,2116,25,659,691
TypeB,2115,25,659,691
TypeB,2017,25,659,691
TypeB,1975,25,659,691
TypeB,1944,25,659,691
TypeB,1924,25,659,691
TypeB,1536,25,659,691
TypeB,1379,25,659,691
TypeB,1367,25,659,691
TypeB,1354,25,659,691
TypeB,1326,25,659,691
TypeB,1229,25,659,691
TypeB,1111,25,659,691
TypeB,1085,25,659,691
TypeB,955,25,659,691
TypeB,786,25,659,691
TypeB,761,25,659,691
TypeB,718,25,659,691
TypeB,710,25,659,691
TypeB,647,25,659,691
TypeB,600,25,659,691
TypeB,538,25,659,691
TypeB,485,25,659,691
TypeB,392,25,659,691
TypeB,389,25,659,691
TypeB,283,25,659,691
TypeB,242,25,659,691
TypeB,2479,25,659,691
TypeB,2432,25,659,691
TypeB,2378,25,659,691
TypeB,2334,25,659,691
TypeB,2328,25,659,691
TypeB,2318,25,659,691
TypeB,2193,25,659,691
TypeB,1807,25,659,691
TypeB,1795,25,659,691
TypeB,49,25,659,691
TypeB,31,24,659,719
TypeB,332,24,659,719
TypeB,1085,24,659,719
TypeB,1046,24,659,719
TypeB,1545,24,659,719
TypeB,1653,24,659,719
TypeB,1277,24,659,719
TypeB,1264,24,659,719
TypeB,883,24,659,719
TypeB,2445,24,659,719
TypeB,2416,24,659,719
TypeB,2341,24,659,719
TypeB,2334,24,659,719
TypeB,2328,24,659,719
TypeB,2266,24,659,719
TypeB,2015,24,659,719
TypeB,2004,24,659,719
TypeB,1937,24,659,719
TypeB,1935,24,659,719
TypeB,1845,24,659,719
TypeB,1814,24,659,719
TypeB,526,24,659,719
TypeB,49,24,659,719
TypeC,2328,27,237,300
TypeC,718,27,237,300
TypeC,98,3,356,412
TypeC,718,3,356,412
TypeC,1828,3,356,412
TypeC,1130,3,356,412
TypeC,926,3,356,412
TypeC,95,14,531,596
TypeC,2488,14,531,596
TypeC,2459,14,531,596
TypeC,2432,14,531,596
TypeC,2378,14,531,596
TypeC,2351,14,531,596
TypeC,2341,14,531,596
TypeC,2334,14,531,596
TypeC,2328,14,531,596
TypeC,2318,14,531,596
TypeC,2277,14,531,596
TypeC,2233,14,531,596
TypeC,2226,14,531,596
TypeC,2210,14,531,596
TypeC,2167,14,531,596
TypeC,2115,14,531,596
TypeC,2017,14,531,596
TypeC,2004,14,531,596
TypeC,1976,14,531,596
TypeC,1975,14,531,596
TypeC,1924,14,531,596
TypeC,1899,14,531,596
TypeC,1845,14,531,596
TypeC,1716,14,531,596
TypeC,1653,14,531,596
TypeC,1599,14,531,596
TypeC,1558,14,531,596
TypeC,1536,14,531,596
TypeC,1446,14,531,596
TypeC,1437,14,531,596
TypeC,1326,14,531,596
TypeC,1312,14,531,596
TypeC,1306,14,531,596
TypeC,1284,14,531,596
TypeC,1282,14,531,596
TypeC,1229,14,531,596
TypeC,1111,14,531,596
TypeC,997,14,531,596
TypeC,975,14,531,596
TypeC,949,14,531,596
TypeC,786,14,531,596
TypeC,727,14,531,596
TypeC,695,14,531,596
TypeC,674,14,531,596
TypeC,647,14,531,596
TypeC,623,14,531,596
TypeC,600,14,531,596
TypeC,597,14,531,596
TypeC,526,14,531,596
TypeC,397,14,531,596
TypeC,389,14,531,596
TypeC,81,14,531,596
TypeC,69,14,531,596
TypeC,40,14,531,596
TypeC,19,14,531,596
TypeC,14,14,531,596
TypeC,95,20,615,685
TypeC,2500,20,615,685
TypeC,2334,20,615,685
TypeC,2328,20,615,685
TypeC,2318,20,615,685
TypeC,2279,20,615,685
TypeC,2277,20,615,685
TypeC,2226,20,615,685
TypeC,2207,20,615,685
TypeC,2065,20,615,685
TypeC,2042,20,615,685
TypeC,2017,20,615,685
TypeC,2015,20,615,685
TypeC,2004,20,615,685
TypeC,1976,20,615,685
TypeC,1975,20,615,685
TypeC,1946,20,615,685
TypeC,1936,20,615,685
TypeC,1924,20,615,685
TypeC,1916,20,615,685
TypeC,1899,20,615,685
TypeC,1740,20,615,685
TypeC,2341,20,615,685
TypeC,1451,20,615,685
TypeC,1379,20,615,685
TypeC,1378,20,615,685
TypeC,1333,20,615,685
TypeC,1326,20,615,685
TypeC,1277,20,615,685
TypeC,1264,20,615,685
TypeC,1160,20,615,685
TypeC,1134,20,615,685
TypeC,1073,20,615,685
TypeC,1064,20,615,685
TypeC,997,20,615,685
TypeC,983,20,615,685
TypeC,949,20,615,685
TypeC,868,20,615,685
TypeC,806,20,615,685
TypeC,786,20,615,685
TypeC,2479,20,615,685
TypeC,2459,20,615,685
TypeC,2445,20,615,685
TypeC,2432,20,615,685
TypeC,2381,20,615,685
TypeC,2378,20,615,685
TypeC,2351,20,615,685
TypeC,1693,20,615,685
TypeC,1653,20,615,685
TypeC,1599,20,615,685
TypeC,1545,20,615,685
TypeC,726,20,615,685
TypeC,695,20,615,685
TypeC,674,20,615,685
TypeC,647,20,615,685
TypeC,600,20,615,685
TypeC,517,20,615,685
TypeC,438,20,615,685
TypeC,392,20,615,685
TypeC,338,20,615,685
TypeC,332,20,615,685
TypeC,290,20,615,685
TypeC,397,20,615,685
TypeC,19,20,615,685
TypeC,14,20,615,685
TypeC,40,6,393,425
TypeC,2479,6,393,425
TypeC,2318,6,393,425
TypeC,2116,6,393,425
TypeC,2115,6,393,425
TypeC,1966,6,393,425
TypeC,1807,6,393,425
TypeC,1788,6,393,425
TypeC,1491,6,393,425
TypeC,1378,6,393,425
TypeC,1312,6,393,425
TypeC,997,6,393,425
TypeC,983,6,393,425
TypeC,623,6,393,425
TypeC,576,6,393,425
TypeC,489,6,393,425
TypeC,143,15,547,708
TypeC,543,15,547,708
TypeC,2341,15,547,708
